{
  "version": "1.0",
  "defaultProvider": "cdnjs",
  "libraries": [
    {
      "library": "twitter-bootstrap@5.1.1",
      "destination": "wwwroot/lib/twitter-bootstrap"
    },
    {
      "library": "jquery@3.6.0",
      "destination": "wwwroot/lib/jquery"
    },
    {
      "library": "jquery-validation-unobtrusive@3.2.12",
      "destination": "wwwroot/lib/jquery-validation-unobtrusive"
    },
    {
      "library": "jquery-validate@1.19.3",
      "destination": "wwwroot/lib/jquery-validate"
    },
    {
      "library": "font-awesome@5.15.4",
      "destination": "wwwroot/lib/font-awesome"
    }
  ]
}